{"cameraMode":{"drawMode":0,"name":"Shaded","section":"Shading Mode"},"sceneLighting":false,"audioPlay":false,"sceneViewState":{"m_AlwaysRefresh":false,"showFog":true,"showSkybox":false,"showFlares":true,"showImageEffects":true,"showParticleSystems":true,"showVisualEffectGraphs":true,"m_FxEnabled":true},"in2DMode":false,"pivot":{"x":0.00020356662571430206,"y":0.011286970227956772,"z":0.003890759777277708},"rotation":{"x":-0.22339476644992829,"y":0.6680524945259094,"z":-0.22122596204280854,"w":-0.6744891405105591},"size":0.027194257825613023,"orthographic":false}